<?xml version="1.0"?>
<!DOCTYPE hibernate-mapping PUBLIC "-//Hibernate/Hibernate Mapping DTD 3.0//EN"
"http://www.hibernate.org/dtd/hibernate-mapping-3.0.dtd">
<!-- Generated May 13, 2020 6:57:27 AM by Hibernate Tools 4.3.1 -->
<hibernate-mapping>
    <class name="cdg.Library.Model.BookCategory" table="book_category" catalog="library_db" optimistic-lock="version">
        <id name="categoryId" type="java.lang.Integer">
            <column name="category_id" />
            <generator class="identity" />
        </id>
        <property name="categoryName" type="string">
            <column name="category_name" length="30" not-null="true" />
        </property>
    </class>
</hibernate-mapping>
