<?xml version="1.0"?>
<!DOCTYPE hibernate-mapping PUBLIC "-//Hibernate/Hibernate Mapping DTD 3.0//EN"
"http://www.hibernate.org/dtd/hibernate-mapping-3.0.dtd">
<!-- Generated May 13, 2020 6:57:27 AM by Hibernate Tools 4.3.1 -->
<hibernate-mapping>
    <class name="cdg.Library.Model.Checkout" table="checkout" catalog="library_db" optimistic-lock="version">
        <id name="bookId" type="java.lang.Integer">
            <column name="bookId" />
            <generator class="identity" />
        </id>
        <property name="bookTitle" type="string">
            <column name="Book_title" length="50" not-null="true" />
        </property>
        <property name="author" type="string">
            <column name="author" length="70" not-null="true" />
        </property>
        <property name="returnDate" type="date">
            <column name="return_date" length="10" not-null="true" />
        </property>
        <property name="status" type="string">
            <column name="status" length="70" not-null="true" />
        </property>
    </class>
</hibernate-mapping>
