<?xml version="1.0"?>
<!DOCTYPE hibernate-mapping PUBLIC "-//Hibernate/Hibernate Mapping DTD 3.0//EN"
"http://www.hibernate.org/dtd/hibernate-mapping-3.0.dtd">
<!-- Generated May 13, 2020 6:57:27 AM by Hibernate Tools 4.3.1 -->
<hibernate-mapping>
    <class name="cdg.Library.Model.Operation" table="operation" catalog="library_db" optimistic-lock="version">
        <id name="reportNo" type="java.lang.Integer">
            <column name="ReportNo" />
            <generator class="identity" />
        </id>
        <property name="optionName" type="string">
            <column name="Option_name" length="50" not-null="true" />
        </property>
        <property name="bookName" type="string">
            <column name="book_name" length="70" not-null="true" />
        </property>
        <property name="fromDate" type="date">
            <column name="from_date" length="10" not-null="true" />
        </property>
        <property name="toDate" type="date">
            <column name="to_date" length="10" not-null="true" />
        </property>
    </class>
</hibernate-mapping>
