<?xml version="1.0" encoding="UTF-8"?>
<project-private xmlns="http://www.netbeans.org/ns/project-private/1">
    <editor-bookmarks xmlns="http://www.netbeans.org/ns/editor-bookmarks/2" lastBookmarkId="0"/>
    <open-files xmlns="http://www.netbeans.org/ns/projectui-open-files/2">
        <group>
            <file>file:/C:/Users/Zacharie/Documents/NetBeansProjects/HibernateAssignment/src/cdg/Library/View/LoginForm.java</file>
            <file>file:/C:/Users/Zacharie/Documents/NetBeansProjects/HibernateAssignment/src/cdg/Library/View/OperationForm.java</file>
            <file>file:/C:/Users/Zacharie/Documents/NetBeansProjects/HibernateAssignment/src/cdg/Library/View/BookForm.java</file>
            <file>file:/C:/Users/Zacharie/Documents/NetBeansProjects/HibernateAssignment/src/cdg/Library/Dao/LoginDao.java</file>
            <file>file:/C:/Users/Zacharie/Documents/NetBeansProjects/HibernateAssignment/src/cdg/Library/Dao/ClientDao.java</file>
            <file>file:/C:/Users/Zacharie/Documents/NetBeansProjects/HibernateAssignment/src/cdg/Library/View/Encryption.java</file>
            <file>file:/C:/Users/Zacharie/Documents/NetBeansProjects/HibernateAssignment/src/cdg/Library/Dao/BookDao.java</file>
            <file>file:/C:/Users/Zacharie/Documents/NetBeansProjects/HibernateAssignment/src/hibernate.reveng.xml</file>
            <file>file:/C:/Users/Zacharie/Documents/NetBeansProjects/HibernateAssignment/src/cdg/Library/View/LibraryForm.java</file>
            <file>file:/C:/Users/Zacharie/Documents/NetBeansProjects/HibernateAssignment/src/cdg/Library/Dao/BookCategoryDao.java</file>
            <file>file:/C:/Users/Zacharie/Documents/NetBeansProjects/HibernateAssignment/src/hibernate.cfg.xml</file>
            <file>file:/C:/Users/Zacharie/Documents/NetBeansProjects/HibernateAssignment/src/cdg/Library/View/ClientForm.java</file>
            <file>file:/C:/Users/Zacharie/Documents/NetBeansProjects/HibernateAssignment/src/cdg/Library/Dao/OperationDao.java</file>
            <file>file:/C:/Users/Zacharie/Documents/NetBeansProjects/HibernateAssignment/src/cdg/Library/Util/HibernateUtil.java</file>
        </group>
    </open-files>
</project-private>
